mouse_num,sample_type,sample_id,organism,qc_conc_ng_u_l,qc_rin,library_protocol,prepped_by_core,index_tag_a,index_tag_sequence_a,index_tag_b,index_tag_sequence_b,lib_qc_conc,qc_status,seq_lib_prep_status,core_to_prep_lib,bam_file,total_reads_m,assigned_percent,assigned_reads_m,assigned,total_reads,unassigned_no_features,unassigned_no_features_percent
38533,subq,x25622x01,Mouse,2,5.7,"NEBNext Ultra II Directional RNA Library Prep with rRNA Depletion Kit (human,mouse,rat)",Y,NEBi7_201 GCGCTAAT,GCGCTAAT,NEBi5_201 GTCAGGGT,GTCAGGGT,0.4,Completed,Completed,Y,25622X01_20241213_LH00227_0128_A22VVG7LT3_S98_L003,65.13,63.39,41.28,41284585,65131143,23846558,36.61314219527823
38533,acral,x25622x02,Mouse,2.7,4.4,"NEBNext Ultra II Directional RNA Library Prep with rRNA Depletion Kit (human,mouse,rat)",Y,NEBi7_202 AGAGCTGC,AGAGCTGC,NEBi5_202 CCTTCAAC,CCTTCAAC,0.2,Completed,Completed,Y,25622X02_20241213_LH00227_0128_A22VVG7LT3_S99_L003,64.53,81.7,52.72,52721416,64533815,11812399,18.304200673708813
38534,subq,x25622x03,Mouse,2.8,4.6,"NEBNext Ultra II Directional RNA Library Prep with rRNA Depletion Kit (human,mouse,rat)",Y,NEBi7_203 CATACTTA,CATACTTA,NEBi5_203 TCCCGTGC,TCCCGTGC,0.3,Completed,Completed,Y,25622X03_20241213_LH00227_0128_A22VVG7LT3_S100_L003,65.9,73.74,48.6,48596345,65902636,17306291,26.2603926798922
38534,acral,x25622x04,Mouse,3,6.7,"NEBNext Ultra II Directional RNA Library Prep with rRNA Depletion Kit (human,mouse,rat)",Y,NEBi7_204 TTGCACCG,TTGCACCG,NEBi5_204 TTTATACG,TTTATACG,0.6,Completed,Completed,Y,25622X04_20241213_LH00227_0128_A22VVG7LT3_S101_L003,58.32,84.15,49.08,49078412,58319913,9241501,15.846218769222101
38536,subq,x25622x05,Mouse,200,3.9,"NEBNext Ultra II Directional RNA Library Prep with rRNA Depletion Kit (human,mouse,rat)",Y,NEBi7_205 GCGGGATA,GCGGGATA,NEBi5_205 CCGTCTCT,CCGTCTCT,1.5,Completed,Completed,Y,25622X05_20241213_LH00227_0128_A22VVG7LT3_S102_L003,60.15,76.99,46.31,46309240,60149646,13840406,23.009954206546784
38536,acral,x25622x06,Mouse,12,3.4,"NEBNext Ultra II Directional RNA Library Prep with rRNA Depletion Kit (human,mouse,rat)",Y,NEBi7_206 GAAGTGAA,GAAGTGAA,NEBi5_206 GACTTGTA,GACTTGTA,0.8,Completed,Completed,Y,25622X06_20241213_LH00227_0128_A22VVG7LT3_S103_L003,82.53,71.33,58.86,58862954,82525648,23662694,28.67313928876996
38537,subq,x25622x07,Mouse,180,5.9,"NEBNext Ultra II Directional RNA Library Prep with rRNA Depletion Kit (human,mouse,rat)",Y,NEBi7_207 CTGTTTAC,CTGTTTAC,NEBi5_207 AAGATTCA,AAGATTCA,1.1,Completed,Completed,Y,25622X07_20241213_LH00227_0128_A22VVG7LT3_S104_L003,74.19,80.66,59.84,59839217,74185650,14346433,19.3385553675138
38537,acral,x25622x08,Mouse,11,6.5,"NEBNext Ultra II Directional RNA Library Prep with rRNA Depletion Kit (human,mouse,rat)",Y,NEBi7_208 GAGCACTC,GAGCACTC,NEBi5_208 CAAGTTGC,CAAGTTGC,0.4,Completed,Completed,Y,25622X08_20241213_LH00227_0128_A22VVG7LT3_S105_L003,79.22,83.56,66.19,66191536,79217265,13025729,16.44304306643255
38538,subq,x25622x09,Mouse,72,7.5,"NEBNext Ultra II Directional RNA Library Prep with rRNA Depletion Kit (human,mouse,rat)",Y,NEBi7_209 TTGTTGCA,TTGTTGCA,NEBi5_209 GACGTCGT,GACGTCGT,23,Completed,Completed,Y,25622X09_20241213_LH00227_0128_A22VVG7LT3_S106_L003,56.21,81.86,46.01,46014021,56214030,10200009,18.144952425577742
38538,acral,x25622x10,Mouse,7.7,5.1,"NEBNext Ultra II Directional RNA Library Prep with rRNA Depletion Kit (human,mouse,rat)",Y,NEBi7_210 CCACACTT,CCACACTT,NEBi5_210 CGTCATAC,CGTCATAC,0.5,Completed,Completed,Y,25622X10_20241213_LH00227_0128_A22VVG7LT3_S107_L003,70.73,79.58,56.29,56290468,70730050,14439582,20.415059794245867
